{"cameraMode":{"drawMode":0,"name":"Shaded","section":"Shading Mode"},"sceneLighting":true,"audioPlay":false,"sceneViewState":{"showFog":true,"showMaterialUpdate":true,"showSkybox":true,"showFlares":true,"showImageEffects":true,"showParticleSystems":true},"in2DMode":false,"pivot":{"x":2.2902653217315676,"y":3.3518712520599367,"z":2.3336737155914308},"rotation":{"x":-0.036998696625232699,"y":0.712239682674408,"z":-0.03764798492193222,"w":-0.6999541521072388},"size":1.8793771266937256,"orthographic":false}